이름,가격
캔버스 원목 릴렉스 우드 캠핑용품 캠핑의자 감성 다세코 체어 접이식,"58,000원"
캔버스 릴렉스 다세코 캠핑의자 캠핑용품 감성 체어 원목 우드 접이식,"58,000원"
레토 릴렉스 체어 접이식 각도조절 캠핑의자 LCP-C01,"58,000원"
Buck703 페어아일 BBQ 캠핑의자 1+1/캠핑체어/낚시의자,"58,000원"
Buck703 페어아일 캠핑의자/캠핑체어/낚시의자/초경량,"58,000원"
Buck703 페어아일 캠핑의자 1+1/캠핑체어/낚시의자/릴렉스체어,"58,000원"
Buck703 페어아일 캠핑의자 팔걸이/낚시의자/캠핑체어/접이식,"58,000원"
Buck703 페어아일 캠핑의자 팔걸이 1+1/캠핑체어/릴렉스체어,"58,000원"
Buck703 페어아일 초경량 캠핑의자/휴대용의자/릴렉스의자,"58,000원"
Buck703 페어아일 초경량 캠핑의자 1+1/캠핑체어/휴대용의자,"58,000원"
Buck703 경량 접이식 의자 대/캠핑의자/낚시의자/릴렉스체어,"58,000원"
Buck703 경량 접이식 의자 대 1+1/캠핑의자/낚시의자,"58,000원"
Buck703 페어아일 BBQ 캠핑의자/캠핑체어/릴렉스체어/낚시의자,"58,000원"
BUCK703 캠핑의자 수납가방 소형 의자보관가방 의자보관함,"58,000원"
BUCK703 캠핑의자 수납가방 중형 의자보관가방 의자보관함,"58,000원"
BUCK703 캠핑의자 수납가방 대형 의자보관가방 의자보관함,"58,000원"
노마드 와이드 로우 폴딩체어 N-7773 N-7774 캠핑의자,"58,000원"
"[제드]와이드 릴렉스 파티오체어 ,경량체어,캠핑의자","58,000원"
톨른캠퍼 초경량 1초 접이식 캠핑의자 /등받이형,"58,000원"
등받이 낚시의자 캠핑의자 여행의자 등산의자,"58,000원"
등받이 낚시의자 체어 캠핑의자 여행의자 등산의자,"58,000원"
등받이 낚시의자 체어 캠핑의자 여행의자 야외의자,"58,000원"
개구리 등받이 낚시의자 캠핑의자 여행의자 등산의자,"58,000원"
팔걸이 낚시의자 체어 캠핑의자 여행의자 등산의자 T3,"58,000원"
등받이 낚시의자 체어 캠핑의자 여행의자 등산의자 T3,"58,000원"
등받이 의자 대 낚시의자 캠핑의자 여행의자 등산의자,"58,000원"
등받이 낚시의자 체어 캠핑의자 여행의자 등산의자 T2,"58,000원"
낚시의자 접이식의자 휴대용의자 캠핑의자(색상랜덤),"58,000원"
평의자 낚시의자 휴대용의자 접이식의자 캠핑의자,"58,000원"
캠핑의자 레저의자 낚시의자 휴대용의자 접이식의자,"58,000원"
개구리 팔받침 낚시의자 캠핑의자 여행의자 등산의자,"58,000원"
낚시의자 소 체어 캠핑의자 여행의자 등산의자,"58,000원"
삼각 낚시의자 체어 캠핑의자 등산의자 (색상랜덤),"58,000원"
접이식 우드 릴렉스체어 캠핑의자 아이보리,"58,000원"
액티브 초경량 캠핑의자(오렌지) /고강도 릴렉스체어,"58,000원"
액티브 릴렉스 캠핑의자(레드)/ 고강도 릴렉스체어,"58,000원"
액티브 릴렉스 캠핑의자(스카이)/ 고강도 릴렉스체어,"58,000원"
야외의자 접이식의자 캠핑의자 간이의자 피크닉의자,"58,000원"
라이프프라임 LC105 캠핑의자 세트 릴렉스체어 2개 접이식 낚시의자,"58,000원"
휴대용 접이식 릴렉스체어 캠핑의자,"58,000원"
베어버스 휴대용 접이식 롱 릴렉스 체어 캠핑의자,"58,000원"
휴대용 접이식 미니 캠핑의자 시장가방,"58,000원"
간편 수납 접이식 캠핑의자 / 휴대용 미니 낚시의자,"58,000원"
야외용 삼각발 접이식의자/낚시 등산 캠핑의자,"58,000원"
휴대용 접이식의자/낚시 레저 캠핑의자,"58,000원"
야외용 등받이 접이식의자/낚시 레저 캠핑의자,"58,000원"
야외용 삼각발 접이식의자/낚시 레저 캠핑의자,"58,000원"
에디슨 접이식캠핑의자 낚시의자 등산의자 휴대용의자,"58,000원"
노마드 이지터치 고강도 체어 N-7317/캠핑의자/접의식,"58,000원"
스피엘 5단 각도조절 멀티폴딩체어 접이식 캠핑의자,"58,000원"
